INSERT INTO CLIENT (CLIENTID, FULLNAME, PHONENUMBER, EMAIL, PASSPORTID) VALUES (1, 'Саша Петрович Кан', '12345678901', 'kan@mail.ru', '000001');
INSERT INTO CLIENT (CLIENTID, FULLNAME, PHONENUMBER, EMAIL, PASSPORTID) VALUES (2, 'Саша Юрьич Кан', '33345678901', 'kanur@gogl.ru', '000002');
INSERT INTO CLIENT (CLIENTID, FULLNAME, PHONENUMBER, EMAIL, PASSPORTID) VALUES (3, 'Дима Петрович Ли', '44445678901', 'nebruseli@adda.ru', '000004');
INSERT INTO CLIENT (CLIENTID, FULLNAME, PHONENUMBER, EMAIL, PASSPORTID) VALUES (4, 'Серёжа Валерьевич ЯН', '55555678901', 'yanser@kek.ru', '000003');


INSERT INTO CREDIT (CREDITID, LIMIT, INTERESTRATE, NAME) VALUES (1, 100000000, 10.0, 'first');
INSERT INTO CREDIT (CREDITID, LIMIT, INTERESTRATE, NAME) VALUES (2, 1000000000, 5.5, 'second');
INSERT INTO CREDIT (CREDITID, LIMIT, INTERESTRATE, NAME) VALUES (3, 87478, 1.5, 'third');

INSERT INTO CREDITOFFER (CREDITOFFERID, CLIENTID, CREDITID, BANKID, AMOUNT, MONTHCOUNT) VALUES(1, 1, 1, NULL, 10000, 36);
INSERT INTO CREDITOFFER (CREDITOFFERID, CLIENTID, CREDITID, BANKID, AMOUNT, MONTHCOUNT) VALUES(2, 1, 1, NULL, 50000, 12);
INSERT INTO CREDITOFFER (CREDITOFFERID, CLIENTID, CREDITID, BANKID, AMOUNT, MONTHCOUNT) VALUES(3, 2, 3, NULL, 10, 48);
INSERT INTO CREDITOFFER (CREDITOFFERID, CLIENTID, CREDITID, BANKID, AMOUNT, MONTHCOUNT) VALUES(4, 2, 2, NULL, 5000, 60);
INSERT INTO CREDITOFFER (CREDITOFFERID, CLIENTID, CREDITID, BANKID, AMOUNT, MONTHCOUNT) VALUES(5, 3, 1, NULL, 99999, 6);
INSERT INTO CREDITOFFER (CREDITOFFERID, CLIENTID, CREDITID, BANKID, AMOUNT, MONTHCOUNT) VALUES(6, 4, 3, NULL, 45000, 18);
INSERT INTO CREDITOFFER (CREDITOFFERID, CLIENTID, CREDITID, BANKID, AMOUNT, MONTHCOUNT) VALUES(7, 4, 2, NULL, 7825458, 120);

